Temple,Latitude,Longitude,Address,City,State,Postal Code,Country,Phone
Aba Nigeria Temple,5.147644,7.356719,Okpu-Umuoba Road Off Aba-Owerri Road at Union Bank,Aba,Abia State,,Nigeria,(+234) 80-3903-4804
Abidjan Ivory Coast Temple,5.362307,-3.976865,,Abidjan,,,Cote d'Ivoire,
Accra Ghana Temple,5.56749,-0.193706,57 Independence Avenue North Ridge PMB CT 209 Cantonments,Accra,,,Ghana,(+233) 302-650-123
Adelaide Australia Temple,-34.892473,138.635002,53-59 Lower Portrush Road,Marden,South Australia,5070,Australia,(+61) 8-8363-8000
Alabang Philippines Temple,14.412913,121.037838,Filinvest Avenue and Corporate Avenue Alabang,Muntinlupa,Metro Manila,,Philippines,
Albuquerque New Mexico Temple,35.167684,-106.525301,10301 San Francisco Drive NE,Albuquerque,New Mexico,87122-3437,United States,(+1) 505-822-5110
Anchorage Alaska Temple,61.101627,-149.840512,13161 Brayton Drive,Anchorage,Alaska,99516,United States,(+1) 907-348-7890
Antofagasta Chile Temple,-23.571891,-70.394525,Avenida de Las Palmeras 44,Antofagasta,,,Chile,
Apia Samoa Temple,-13.838064,-171.783034,Vaitele Street,Pesega,Apia,,Samoa,(+685) 64-230
Arequipa Peru Temple,-16.375203,-71.538477,Avenida Cusco 380 Carmen Alto,Arequipa,Arequipa,,Peru,(+51) 54-640-300
Asunción Paraguay Temple,-25.287916,-57.602869,Esquina Brasilia y España,Asunción,,1441,Paraguay,(+595) 21-216-92
Atlanta Georgia Temple,33.931896,-84.362394,6450 Barfield Road NE,Sandy Springs,Georgia,30328-4283,United States,(+1) 770-393-3698
Auckland New Zealand Temple,-36.993227,174.890191,Redoubt Road Manukau,Auckland,,,New Zealand,
Bacolod Philippines Temple,10.69024013,122.986949,Bacolod Airport Access Road (north of Buri Road),Bacolod,,,Philippines,
Bahía Blanca Argentina Temple,-38.69117,-62.235937,Avenida Alberto Pedro Cabrera Aldea Romana,Bahia Blanca,,,Argentina,
Bangkok Thailand Temple,13.749491,100.562527,1645/6 New Petchaburi Road Makkasan Ratchathewi,Bangkok,,10400,Thailand,
Barranquilla Colombia Temple,11.016798,-74.86261,Carrera 30 No. 1-1481 Villa Campestre,Barranquilla,Atlántico,,Colombia,(+57) 5-310-0200
Baton Rouge Louisiana Temple,30.362664,-91.108385,10339 Highland Road,Baton Rouge,Louisiana,70810,United States,(+1) 225-769-1197
Belém Brazil Temple,-1.387242,-48.459894,Av. Centenário Val de Caes,Belém,Pará,,Brazil,
Belo Horizonte Brazil Temple,-19.88029952,-43.978604,Rua Professor Jose Vieira de Mendonça Engenho Nogueira,Belo Horizonte,Minas Gerais,,Brazil,
Bengaluru India Temple,12.992096,77.704714,2-B Whitefield Main Road Garudachar Palya Mahadevapura,Bengaluru,Karnataka,560048,India,
Bentonville Arkansas Temple,36.384867,-94.181319,1105 McCollum Drive,Bentonville,Arkansas,,United States,
Bern Switzerland Temple,47.002192,7.458244,Tempelstrasse 2,Zollikofen,Bern,CH-3052,Switzerland,(+41) 31-915-5252
Billings Montana Temple,45.800505,-108.63939,3100 Rim Point Drive,Billings,Montana,59106-1386,United States,(+1) 406-655-0607
Birmingham Alabama Temple,33.674623,-86.821236,1927 Mount Olive Boulevard,Gardendale,Alabama,35071,United States,(+1) 205-631-3444
Bismarck North Dakota Temple,46.838889,-100.813979,2930 Cody Drive,Bismarck,North Dakota,58503,United States,(+1) 701-258-9590
Bogotá Colombia Temple,4.707801,-74.056247,Carrera 46 no. 127?45,Bogotá,Distrito,Capital,Colombia,(+57) 1-625-8000
Boise Idaho Temple,43.593523,-116.275034,1211 South Cole Road,Boise,Idaho,83709-1871,United States,(+1) 208-322-4422
Boston Massachusetts Temple,42.412002,-71.188091,100 Hinckley Way (formerly 86 Frontage Road),Belmont,Massachusetts,02478-2135,United States,(+1) 617-993-9993
Bountiful Utah Temple,40.882853,-111.846812,640 South Bountiful Boulevard,Bountiful,Utah,84010-1394,United States,(+1) 801-296-2100
Brasília Brazil Temple,-15.747835,-47.880945,GA/Norte Quadra 612 ? Lote ,Brasília,Distrito Federal,,Brazil,
Brigham City Utah Temple,41.505376,-112.016592,250 South Main Street,Brigham City,Utah,84302-2120,United States,(+1) 435-695-2170
Brisbane Australia Temple,-27.480886,153.033841,200 River Terrace,Kangaroo Point,Queensland,4169,Australia,(+61) 7-3240-3600
Buenos Aires Argentina Temple,-34.729286,-58.518225,Autopista Richieri y Puente 13 Ciudad Evita,Buenos Aires,,B1778 DUA,Argentina,(+54) 11-4693-9700
Burley Idaho Temple,42.52659109,-113.764841,40 South and 150 East,Burley,Idaho,,United States,
Calgary Alberta Temple,51.140861,-114.2333,9802 Rocky Ridge Road NW,Calgary,Alberta,T3G 5J7,Canada,(+1) 403-241-4250
Cali Colombia Temple,3.48698324,-76.521499,Calle 50 Norte and Avenida 4a Norte La Flora,Cali,,,Colombia,
Campinas Brazil Temple,-22.896534,-47.001133,Rua James Esdras Faust 400 Notre Dame,Campinas,São Paulo,13092-820,Brazil,(+55) 19-2102-5800
Cape Town South Africa Temple,-33.94114387,18.4797749,3 Liesbeek Road Observatory,Cape Town,,,South Africa,
Caracas Venezuela Temple,10.470849,-66.837293,Avenida C con Calle C-1 Urbanización Caurimare,Caracas,Distrito Federal,1062-A,Venezuela,(+58) 212-981-1873
Cardston Alberta Temple,49.19835,-113.309394,348 3rd Street West,Cardston,Alberta,T0K 0K0,Canada,(+1) 403-653-3552
Casper Wyoming Temple,42.80908928,-106.361814,2905 Independence Court,Casper,Wyoming,82604,United States,
Cebu City Philippines Temple,10.327659,123.898299,Gorordo Avenue Barangay Lahug,Cebu City,Cebu,6000,Philippines,(+63) 32-230-1207
Cedar City Utah Temple,37.671734,-113.096271,280 S Cove Dr,Cedar City,Utah,84720,United States,(+1) 435-572-4150
Chicago Illinois Temple,42.086829,-87.859501,4151 West Lake Avenue,Glenview,Illinois,60025-1240,United States,(+1) 847-299-6500
Ciudad Juárez Mexico Temple,31.736269,-106.463209,Calle Paraguay #290 Esquina José Borunda Colonia Partido Romero,Ciudad Juárez,Chihuahua,32177,Mexico,(+52) 656-611-5146
Cobán Guatemala Temple,15.459077,-90.365166,4a. Avenida 4-48 Zona 8 Barrio Bella Vista,Cobán,Alta Verapaz,,Guatemala,
Cochabamba Bolivia Temple,-17.363644,-66.147644,Avenida Melchor Urquidi 1500 Alto Queru Queru,Cochabamba,Cochabamba,,Bolivia,(+591) 4-429-3161
Colonia Juárez Chihuahua Mexico Temple,30.305251,-108.082038,Calles Chihuahua y Díaz,Colonia Juárez,Chihuahua,31857,Mexico,(+52) 636-695-0144
Columbia River Washington Temple,46.226733,-119.274893,969 Gage Boulevard,Richland,Washington,99352,United States,(+1) 509-628-0990
Columbia South Carolina Temple,33.959638,-80.893981,2905 Trotter Road,Hopkins,South Carolina,29061-9573,United States,(+1) 803-647-9472
Columbus Ohio Temple,39.994089,-83.113214,3870 Gateway Boulevard,Columbus,Ohio,43228,United States,(+1) 614-351-5001
Concepción Chile Temple,-36.851499,-73.049966,1525 Pedro de Valdivia,Concepción,Bío-Bío,,Chile,(+56) 41-383-4700
Copenhagen Denmark Temple,55.692677,12.53392,Priorvej 12,Frederiksberg,,DK-2000,Denmark,(+45) 38-18-1818
Córdoba Argentina Temple,-31.358873,-64.245809,Avenida Pedro Simón Laplace 5637 Villa Belgrano,Córdoba,,,Argentina,(+54) 354-340-6200
Curitiba Brazil Temple,-25.441304,-49.342138,Rua Deputado Heitor Alencar Furtado 3641 Mossunguê,Curitiba,Paraná,81200-110,Brazil,(+55) 41-3204-6650
Dallas Texas Temple,32.914288,-96.796525,6363 Willow Lane,Dallas,Texas,75230-2227,United States,(+1) 972-991-1273
Davao Philippines Temple,7.088597,125.579755,Ma-a Road and Anahaw Road Barangay Ma-a,Davao City,Davao del Sur,8000,Philippines,
Denver Colorado Temple,39.568698,-104.965782,2001 East Phillips Circle,Centennial,Colorado,80122,United States,(+1) 303-730-0220
Deseret Peak Utah Temple,40.570243,-112.31522,West of 2400 North 400 West,Tooele,Utah,84074,United States,
Detroit Michigan Temple,42.566266,-83.229983,37425 Woodward Avenue,Bloomfield Hills,Michigan,48304,United States,(+1) 248-593-0690
Draper Utah Temple,40.495893,-111.840748,14065 Canyon Vista Lane,Draper,Utah,84020-5626,United States,(+1) 801-576-4240
Durban South Africa Temple,-29.708455,31.073671,2 Izinga Drive Izinga Ridge,Umhlanga,KwaZulu-Natal,4021,South Africa,(+27) 31-140-024
Edmonton Alberta Temple,53.489593,-113.570538,14325 53rd Avenue NW,Edmonton,Alberta,T6H 5G6,Canada,(+1) 780-434-7436
Elko Nevada Temple,40.85249525,-115.750084,Ruby Vista Drive,Elko,Nevada,,United States,
Ephraim Utah Temple,39.36353987,-111.576,200 North and 400 East,Ephraim,Utah,,United States,
Farmington New Mexico Temple,36.76909739,-108.1654604,4400 College Boulevard,Farmington,New Mexico,,United States,
Feather River California Temple,39.146344,-121.639963,1470 Butte House Road,Yuba City,California,95993,United States,
Fort Collins Colorado Temple,40.494269,-105.038685,2180 Majestic Drive,Fort Collins,Colorado,,United States,(+1) 970-797-4630
Fort Lauderdale Florida Temple,26.070899,-80.355727,3901 SW 154th Avenue,Davie,Florida,33331,United States,(+1) 954-382-8390
Fortaleza Brazil Temple,-3.747847,-38.46101,Avenida Santos Dumont 7771,Fortaleza,Ceará,60177-415,Brazil,(+55) 85-3533-7150
Frankfurt Germany Temple,50.258246,8.641316,Talstrasse 10,Friedrichsdorf,Hessen,DE-61381,Germany,(+49) 6172-59000
Freetown Sierra Leone Temple,8.38763235,-13.1387593,Jui Road Kossoh Town,Freetown,,,Sierra Leone,
Freiberg Germany Temple,50.922315,13.322541,Hainichener Strasse 64,Freiberg,Sachsen,DE-09599,Germany,(+49) 3731-35960
Fresno California Temple,36.828257,-119.852911,6290 North Valentine Avenue,Fresno,California,93711,United States,(+1) 559-437-9451
Fukuoka Japan Temple,33.572618,130.391704,9-15 Hirao Johsui Machi Chuo-ku,Fukuoka-shi,Fukuoka-ken,810-0029,Japan,(+81) 92-525-8255
Gilbert Arizona Temple,33.291378,-111.737365,3301 S Greenfield Rd,Gilbert,Arizona,85297,United States,(+1) 480-822-5000
Grand Junction Colorado Temple,39.10144203,-108.551144,Horizon Drive and North 12th Street,Grand Junction,Colorado,,United States,
Guadalajara Mexico Temple,20.66155,-103.42307,Avenida Patria no. 879 Fraccionamiento Jardines Tepeyac,Zapopán,Jalisco,45030,Mexico,(+52) 33-3125-1283
Guatemala City Guatemala Temple,14.583303,-90.485576,24 Avenida 2-20 Zona 15 Vista Hermosa 1,Guatemala City,Guatemala,,Guatemala,(+502) 2369-3426
Guayaquil Ecuador Temple,-2.156246,-79.904877,Calle 6ta y Avenida Rodrigo Chávez González Principado de las Lomas,Urdesa Norte,Guayaquil,,Ecuador,(+593) 4-371-8100
Halifax Nova Scotia Temple,44.66999,-63.489038,44 Cumberland Drive,Dartmouth,Nova Scotia,B2V 1P1,Canada,(+1) 902-434-6920
Hamilton New Zealand Temple,-37.826397,175.224885,509 Tuhikaramea Road Temple View,Hamilton,,3218,New Zealand,(+64) 7-846-2750
Harare Zimbabwe Temple,-17.804085,31.082426,65 Enterprise Road Highlands,Harare,,,Zimbabwe,
Hartford Connecticut Temple,41.73780896,-72.844528,2 Central Way,Farmington,Connecticut,6032,United States,(+1) 860-773-7200
Helena Montana Temple,46.63372488,-112.01924,1260 Otter Road,Helena,Montana,,United States,
Helsinki Finland Temple,60.225193,24.781785,Leppäsillantie 3,Espoo,,FI-02620,Finland,(+358) 9-849-3710
Hermosillo Sonora Mexico Temple,29.102548,-110.94687,General Pedro García Conde no. 303 Esquina Con Juan José Ríos Colonia Pitic,Hermosillo,Sonora,83150,Mexico,(+52) 662-210-5660
Hong Kong China Temple,22.34045,114.177336,2 Cornwall Street Kowloon Tong,Kowloon City,,,Hong Kong,(+852) 2339-8100
Houston Texas Temple,29.999729,-95.533038,15725 Champion Forest Drive,Spring,Texas,77379-7036,United States,(+1) 281-376-6804
Idaho Falls Idaho Temple,43.499819,-112.0415,1000 Memorial Drive,Idaho Falls,Idaho,83402-3497,United States,(+1) 208-522-7669
Indianapolis Indiana Temple,39.955588,-86.165741,11565 Temple Dr,Carmel,Indiana,,United States,(+1) 317-993-3800
Johannesburg South Africa Temple,-26.178051,28.039195,7 Jubilee Road Parktown,Johannesburg,,2193,South Africa,(+27) 11-645-1540
Jordan River Utah Temple,40.566354,-111.931417,10200 South 1300 West,South Jordan,Utah,84095-8814,United States,(+1) 801-254-3003
Kansas City Missouri Temple,39.220473,-94.501331,7001 Searcy Creek Parkway,Kansas City,Missouri,,United States,(+1) 816-413-1430
Kaohsiung Taiwan Temple,22.6507433,120.3455124,,Kaohsiung,,,Taiwan,
Kinshasa Democratic Republic of the Congo Temple,-4.327478,15.27371,Avenue de l'OUA Commune de Ngaliema,Kinshasa,,,Democratic Republic of the Congo,(+243) 815-590-060
Kona Hawaii Temple,19.641614,-155.985524,75-230 Kalani Street,Kailua Kona,Hawaii,96740-1833,United States,(+1) 808-331-8504
Kumasi Ghana Temple,6.71216336,-1.6057237,,Kumasi,,,Ghana,
Kyiv Ukraine Temple,50.404517,30.395565,1 Yabluneva Street v. Sofiivs'ka Borshchagivka,Kyevo-Sviatoshyns'ky Rayon,Kyivs'ka Oblast,8131,Ukraine,(+380) 44-371-4088
Laie Hawaii Temple,21.647207,-157.930658,55-600 Naniloa Loop,Laie,Hawaii,96762-1299,United States,(+1) 808-293-2427
Las Vegas Nevada Temple,36.174597,-115.020052,827 Temple View Drive,Las Vegas,Nevada,89110-2920,United States,(+1) 702-452-5011
Layton Utah Temple,41.061699,-111.938379,1400 East Oakhills Drive (approximate),Layton,Utah,84040,United States,
Lima Peru Los Olivos Temple,-12.019992,-77.054237,Eloy Espinoza Urbanización Ingenieria San Martín de Porres,Lima,Lima,,Peru,
Lima Peru Temple,-12.069713,-76.948897,Av. Javier Prado Este 6420 Urb. Santa Patricia La Molina,Lima,Lima,12,Peru,(+51) 1-612-7200
Lindon Utah Temple,40.33730438,-111.6953838,Approximately 850 East Center Street,Lindon,Utah,,United States,
Lisbon Portugal Temple,38.779187,-9.098784,Avenida Dom João II 1990-364 Moscavide,Lisbon,,,Portugal,(+351) 308-811-650
Logan Utah Temple,41.734161,-111.827943,175 North 300 East,Logan,Utah,84321-4720,United States,(+1) 435-752-3611
London England Temple,51.162566,-0.052181,West Park Road Newchapel,Lingfield,, RH7 6HW,United Kingdom,(+44) 1342 831-400
Los Angeles California Temple,34.052801,-118.433909,10777 Santa Monica Boulevard,Los Angeles,California,90025-4718,United States,(+1) 310-474-5569
Louisville Kentucky Temple,38.32112,-85.488843,7116 West Highway 22,Crestwood,Kentucky,40014,United States,(+1) 502-241-4115
Lubbock Texas Temple,33.528961,-101.941413,7016 Frankford Avenue,Lubbock,Texas,79424,United States,(+1) 806-794-0774
Lubumbashi Democratic Republic of the Congo Temple,-11.64889247,27.468461,Av. Kashobwe,Lubumbashi,,,Democratic Republic of the Congo,
Madrid Spain Temple,40.40009,-3.63158,Calle del Templo no. 2,Madrid,,ES-28030,Spain,(+34) 91-214-2607
Manaus Brazil Temple,-3.073907,-60.089331,Avenida Coronel Texeira 3162 Ponta Negra,Manaus,Amazonas,69037-000,Brazil,(+55) 92-3212-7270
Manhattan New York Temple,40.773112,-73.981622,125 Columbus Avenue,New York,New York,10023-6514,United States,(+1) 917-441-8220
Manila Philippines Temple,14.601356,121.069818,13 Temple Drive Greenmeadows Subdivision,Quezon City,Metro Manila,1110,Philippines,(+63) 2-635-0954
Manti Utah Temple,39.272906,-111.63376,Temple Hill,Manti,Utah,84642,United States,(+1) 435-835-2291
McAllen Texas Temple,26.268118,-98.211125,300 West Trenton Road,McAllen,Texas,,United States,
Medford Oregon Temple,42.373324,-122.932746,3900 Grant Road,Central Point,Oregon,97502,United States,(+1) 541-664-2050
Melbourne Australia Temple,-37.868774,145.212622,76 Cathies Lane,Wantirna South,Victoria,3152,Australia,(+61) 3-9881-9700
Memphis Tennessee Temple,35.240752,-89.839334,4199 Kirby-Whitten Parkway,Bartlett,Tennessee,38135,United States,(+1) 901-379-0202
Mendoza Argentina Temple,-32.863757,-68.881592,Avenida Champagnat,Las Heras,Mendoza,,Argentina,
Mérida Mexico Temple,20.965784,-89.631061,Calle 70 no. 527 Esquina 65 y 67 Colonia Centro,Mérida,Yucatán,97000,Mexico,(+52) 999-928-1643
Meridian Idaho Temple,43.671022,-116.415115,7355 North Linder Road,Meridian,Idaho,,United States,(+1) 208-957-7300
Mesa Arizona Temple,33.412876,-111.819571,101 South LeSueur,Mesa,Arizona,85204-1031,United States,(+1) 480-833-1211
Mexico City Mexico Temple,19.465905,-99.086754,Avenida 510 no. 90 Colonia San Juan de Aragón,Mexico City,Distrito Federal,7950,Mexico,(+52) 55-5003-3700
Miraflores Guatemala City Guatemala Temple,14.60723616,-90.544967,13 Calle 5-56 Zona 11,Guatemala City Metropolitan Area,,,Guatemala,
Monterrey Mexico Temple,25.589364,-100.259975,Avenida Eugenio Garza Sada Esquina Privada Valle de la Estanzuela Colonia Valle Alto,Monterrey,Nuevo León,64989,Mexico,(+52) 81-8104-0635
Montevideo Uruguay Temple,-34.888444,-56.074088,Bolonia 1722 Carrasco,Montevideo,,11500,Uruguay,(+598) 2604-7300
Monticello Utah Temple,37.877917,-109.347066,365 North 200 West,Monticello,Utah,84535,United States,(+1) 435-587-3500
Montpelier Idaho Temple,42.31796632,-111.301722,Washington Street,Montpelier,Idaho,,United States,
Montreal Quebec Temple,45.563335,-73.490616,1450 Boulevard Marie-Victorin,Longueuil,Quebec,J4G 1A4,Canada,(+1) 450-646-5775
Moses Lake Washington Temple,47.103441,-119.272362,,Moses Lake,Washington,,United States,
Mount Timpanogos Utah Temple,40.393166,-111.770509,742 North 900 East,American Fork,Utah,84003-9124,United States,(+1) 801-763-4540
Nairobi Kenya Temple,-1.26529552,36.739816,Mountain View,Nairobi,,,Kenya,
Nashville Tennessee Temple,35.948839,-86.860329,1100 Gray Fox Lane,Franklin,Tennessee,37069,United States,(+1) 615-791-8668
Nauvoo Illinois Temple,40.55048,-91.384378,50 North Wells Street,Nauvoo,Illinois,62354,United States,(+1) 217-453-6252
Neiafu Tonga Temple,-18.64422855,-173.9776,Tu?I Road,Neiafu,Vava'u,,Tonga,
Newport Beach California Temple,33.629627,-117.848766,2300 Bonita Canyon Drive,Newport Beach,California,92660-9118,United States,(+1) 949-644-1820
Nuku'alofa Tonga Temple,-21.162561,-175.27232,Loto Road Liahona,Nuku'alofa,Tongatapu,,Tonga,(+676) 20-300
Oakland California Temple,37.808027,-122.19912,4770 Lincoln Avenue,Oakland,California,94602-2535,United States,(+1) 510-531-3200
Oaxaca Mexico Temple,17.041554,-96.713503,Avenida Universidad no. 139 Fraccionamiento Real de Candiani,Oaxaca,Oaxaca,68130,Mexico,(+52) 951-516-9588
Ogden Utah Temple,41.227786,-111.971506,350 22nd Street,Ogden,Utah,84401-1487,United States,(+1) 801-621-6880
Okinawa Japan Temple,26.358285,127.801718,7-11 Matsumoto,Okinawa Shi,Okinawa-ken,,Japan,
Oklahoma City Oklahoma Temple,35.591846,-97.7267,12030 North Mustang Road,Yukon,Oklahoma,73099,United States,(+1) 405-373-2309
Oquirrh Mountain Utah Temple,40.551145,-111.98751,11022 South 4000 West,South Jordan,Utah,84095-5797,United States,(+1) 801-878-3800
Orem Utah Temple,40.270755,-111.720916,1471 South Geneva Road (approximate),Orem,Utah,,United States,
Orlando Florida Temple,28.507348,-81.509578,9000 Windy Ridge Road,Windermere,Florida,34786-8347,United States,(+1) 407-876-0022
Pago Pago American Samoa Temple,-14.333959,-170.73199,Ottoville Road,Tafuna,Western District,96799,American Samoa,
Palmyra New York Temple,43.039148,-77.237063,2720 Temple Road,Palmyra,New York,14522,United States,(+1) 315-597-6001
Panama City Panama Temple,8.99146,-79.57048,Calle Rufina 3172,Ancón,Cárdenas,,Panama,(+507) 201-6233
Papeete Tahiti Temple,-17.536618,-149.556019,Route de Fautaua?Titioro,Papeete,Tahiti,98716,French Polynesia,(+689) 40-50-3939
Paris France Temple,48.817892,2.123171,46 Boulevard Saint-Antoine 15-21 rue du General Welvert,Le Chesnay,,78150,France,(+33) 970-73-70-00
Payson Utah Temple,40.019258,-111.749175,1494 South 930 West,Payson,Utah,,United States,(+1) 801-754-4949
Perth Australia Temple,-31.906905,115.869834,163-173 Wordsworth Avenue,Yokine,Western Australia,6060,Australia,(+61) 8-9276-0000
Philadelphia Pennsylvania Temple,39.959174,-75.168072,1739 Vine Street,Philadelphia,Pennsylvania,19103,United States,(+1) 215-398-3040
Phnom Penh Cambodia Temple,11.569891,104.895707,Russian Confederation Street,Phnom Penh,,,Cambodia,
Phoenix Arizona Temple,33.698555,-112.172329,5220 West Pinnacle Peak Road,Phoenix,Arizona,85310,United States,(+1) 623-474-9500
Pittsburgh Pennsylvania Temple,40.69404827,-80.140918,2093 Powell Road,Cranberry Township,Pennsylvania,16066,United States,
Pocatello Idaho Temple,42.915259,-112.406374,3100 Butte Street,Pocatello,Idaho,83201-1828,United States,(+1) 208-646-7730
Port Moresby Papua New Guinea Temple,-9.477474,147.176546,Muniogo Crescent Badili,Port Moresby,,,Papua New Guinea,
Port Vila Vanuatu Temple,-17.70379129,168.30421,Blacksands,Port Vila,,,Vanuatu,
Port-au-Prince Haiti Temple,18.529017,-72.268143,Route de Frères Delmas 105,Pétion-Ville,Port-au-Prince,,Haiti,(+509) 2262-5810
Portland Oregon Temple,45.425345,-122.742224,13600 SW Kruse Oaks Boulevard,Lake Oswego,Oregon,97035-8602,United States,(+1) 503-639-7066
Porto Alegre Brazil Temple,-30.034047,-51.157868,Rua General Salvador Pinheiro 50 Vila Jardim,Porto Alegre,Rio Grande do Sul,91320-240,Brazil,(+55) 51-2104-2700
Praia Cape Verde Temple,14.918789,-23.511157,Avenida Cidade de Lisboa Bairro Taiti,Praia,São Tiago,7600,Cape Verde,
Preston England Temple,53.672476,-2.631275,Temple Way Hartwood Green Chorley,Lancashire,, PR6 7EQ,United Kingdom,(+44) 1257-226-100
Provo City Center Temple,40.232667,-111.659299,50 South University Avenue,Provo,Utah,84601,United States,(+1) 801-343-2700
Provo Utah Temple,40.263666,-111.639779,2200 Temple Hill Drive,Provo,Utah,84604-1766,United States,(+1) 801-375-5775
Puebla Mexico Temple,19.085418,-98.235514,15 de Mayo Los Cipreses,Puebla,,,Mexico,
Querétaro Mexico Temple,20.61479391,-100.41048,Prolongación Tecnológico Norte 150 Colonia San Pablo,Querétaro,Querétaro,76130,Mexico,
Quetzaltenango Guatemala Temple,14.846493,-91.542517,9a Calle 4-03 Zona 9 Frente a Residenciales Los Cerezos 1,Quetzaltenango,,9000,Guatemala,(+502) 7728-1603
Quito Ecuador Temple,-0.213711,-78.441018,Cumbayá,Quito,,,Ecuador,
Raleigh North Carolina Temple,35.732111,-78.861542,574 Bryan Drive,Apex,North Carolina,27502,United States,(+1) 919-362-4135
Recife Brazil Temple,-8.03639,-34.911123,Rua Dr. José de Góes 284 Parnamirim,Recife,Pernambuco,52060-380,Brazil,(+55) 81-2129-4300
Red Cliffs Utah Temple,37.082184,-113.519741,1555 South Red Cliffs Temple Street,St. George,Utah,,United States,
Redlands California Temple,34.049037,-117.140579,1761 5th Avenue,Redlands,California,92374,United States,(+1) 909-389-7369
Regina Saskatchewan Temple,50.420981,-104.54168,111 Wascana Gate North,Regina,Saskatchewan,S4V 2J6,Canada,(+1) 306-545-8194
Reno Nevada Temple,39.534611,-119.898913,2000 Beaumont Parkway,Reno,Nevada,89523,United States,(+1) 775-747-6688
Rexburg Idaho Temple,43.810922,-111.778979,750 South 2nd East,Rexburg,Idaho,83440-5404,United States,(+1) 208-656-0880
Richmond Virginia Temple,37.672884,-77.535372,10915 Staples Mill Rd,Glen Allen,Virginia,,United States,
Rio de Janeiro Brazil Temple,-23.000894,-43.399918,Avenida das Américas 8547 Barra da Tijuca,Rio de Janeiro,Rio de Janeiro,22621-120,Brazil,(+55) 21-3906-46
Rome Italy Temple,41.970437,12.544764,Via di Settebagni 376,Rome,,,Italy,(+39) 06-9480-5050
Sacramento California Temple,38.635116,-121.193925,2110 California Circle,Rancho Cordova,California,95742,United States,(+1) 916-357-5870
Salt Lake Temple,40.770468,-111.891958,50 West North Temple Street,Salt Lake City,Utah,84150-0701,United States,(+1) 801-240-2640
Salta Argentina Temple,-24.837197,-65.470001,Ruta 51,Salta,,,Argentina,
Salvador Brazil Temple,-12.929251,-38.386386,Av. Luís Viana,Salvador,Bahia,,Brazil,
San Antonio Texas Temple,29.641481,-98.488789,20080 Stone Oak Parkway,San Antonio,Texas,78258-6920,United States,(+1) 210-538-0034
San Diego California Temple,32.866389,-117.228769,7474 Charmant Drive,San Diego,California,92122-5000,United States,(+1) 858-622-0991
San José Costa Rica Temple,9.986418,-84.184831,Del Hotel Marriott 600 Metros Oeste La Ribera de Belén,Heredia,,40702,Costa Rica,(+506) 2293-6681
San Juan Puerto Rico Temple,18.385623,-66.029896,123 Calle Ronda Urbanización Villa Andalucía,San Juan,,926,Puerto Rico,
San Pedro Sula Honduras Temple,15.522544,-88.036856,Bulevar Mario Catarino Rivas,San Pedro Sula,Cortés,,Honduras,
San Salvador El Salvador Temple,13.683347,-89.246822,Avenida El Espino y Calle El Pedregal Colonia San Benito,Antiguo Cuscatlán,La Libertad,,El Salvador,(+503) 2520-2631
Santiago Chile Temple,-33.436174,-70.609521,Pocuro 1940 Providencia,Santiago,Región Metropolitana,664-1404,Chile,(+56) 22-340-5070
Santo Domingo Dominican Republic Temple,18.466567,-69.917144,Avenida Bolivar no. 825 Los Robles,Santo Domingo,Distrito Nacional,10106,Dominican Republic,(+1) 809-731-2000
São Paulo Brazil Temple,-23.585174,-46.722764,Avenida Professor Francisco Morato 2390 Caxingui,São Paulo,São Paulo,05512-900,Brazil,(+55) 11-3723-7600
Sapporo Japan Temple,43.0249,141.4457,1-6-1 Oyachi-Nishi Atsubetsu-ku,Sapporo,Hokkaid?,004-0042,Japan,(+81) 11-890-8120
Saratoga Springs Utah Temple,40.34422619,-111.932607, 987 South Ensign Drive,Saratoga Springs,Utah,,United States,
Seattle Washington Temple,47.58407,-122.140876,2808 148th Avenue SE,Bellevue,Washington,98007-6453,United States,(+1) 425-643-5144
Seoul Korea Temple,37.558913,126.931286,500-23 Changcheon-dong Seodaemun-gu,Seoul-si,Seoul-teukbyeolsi,120-836,South Korea,(+82) 2-334-9100
Smithfield Utah Temple,41.84012916,-111.852673,N 800 West and W 100 North,Smithfield,Utah,,United States,
Snowflake Arizona Temple,34.502494,-110.111607,1875 West Canyon Drive,Snowflake,Arizona,85937,United States,(+1) 928-536-6626
Spokane Washington Temple,47.620163,-117.22069,13710 East 40th Avenue,Spokane,Washington,99206,United States,(+1) 509-926-2824
St. George Utah Temple,37.100535,-113.578041,250 East 400 South,St. George,Utah,84770-3699,United States,(+1) 435-673-3533
St. Louis Missouri Temple,38.639651,-90.464685,12555 North Outer Forty Drive,St. Louis,Missouri,63141-8620,United States,(+1) 314-514-1122
St. Paul Minnesota Temple,44.980261,-92.965199,2150 Hadley Avenue North,Oakdale,Minnesota,55128-4505,United States,(+1) 651-748-5910
Star Valley Wyoming Temple,42.712073,-110.932532,885 South Washington Street,Afton,Wyoming,,United States,(+1) 307-886-6820
Stockholm Sweden Temple,59.124676,18.109177,Tempelvägen 5,Västerhaninge,,SE-13742,Sweden,(+46) 8-5006-5500
Suva Fiji Temple,-18.119705,178.438559,2-20 Lakeba Street,Samabula,Suva,,Fiji,(+679) 338-8952
Sydney Australia Temple,-33.775617,151.050592,756 Pennant Hills Road (Corner of Pennant Hills Road and Moseley Street),Carlingford,New South Wales,2118,Australia,(+61) 2-9841-5471
Syracuse Utah Temple,41.099938,-112.076542,1025 South 2500 West,Syracuse,Utah,84075,United States,
Taipei Taiwan Temple,25.031377,121.527794,256 Ai Kuo East Road,Taipei,,106,Taiwan,(+886) 2-2192-4930
Tallahassee Florida Temple,30.520117,-84.238222,2440 Papillon Way,Tallahassee,Florida,,United States,
Tampico Mexico Temple,22.254262,-97.855869,Avenida Ejército Mexicano no. 74 con 3A Avenida Colonia Lomas del Gallo,Ciudad Madero,Tamaulipas,89480,Mexico,(+52) 833-216-9660
Tarawa Kiribati Temple,1.34948484,173.040061,Ambo,Tarawa,,,Kiribati,
Taylorsville Utah Temple,40.66671159,-111.95411,2603 West 4700 South,Taylorsville,Utah,,United States,
Tegucigalpa Honduras Temple,14.052174,-87.238019,Residenciales Roble Oeste Boulevard Roble Oeste 3ra Calle Sur,Comayagüela,Francisco Morazán,,Honduras,(+504) 2264-1212
Teton River Idaho Temple,43.85852971,-111.781189,,Rexburg,Idaho,,United States,
The Gila Valley Arizona Temple,32.862971,-109.789974,5291 West Highway 70,Central,Arizona,85531,United States,(+1) 928-428-7243
The Hague Netherlands Temple,52.054487,4.502979,Osijlaan 2,Zoetermeer,,NL-2722 CV,Netherlands,(+31) 79-343-5310
Tijuana Mexico Temple,32.488713,-116.929441,Paseo Del Rio 6832 Esquina Campestre Oriente Col 3 RA Etapa Rio Tijuana,Tijuana,Baja California,22226,Mexico,(+52) 664-969-2690
Tokyo Japan Temple,35.652838,139.724539,5-8-10 Minami Azabu Minato-Ku,Tokyo,, 106-0047,Japan,
Toronto Ontario Temple,43.744338,-79.746059,10060 Bramalea Road,Brampton,Ontario,L6R 1A1,Canada,(+1) 905-799-1122
Torreón Mexico Temple,25.55331849,-103.499227,París and Amsterdam,Gómez Palacio,Durango,,Mexico,
Trujillo Peru Temple,-8.100149,-79.058515,Av. Mansiche Km 35 Carretera hacia Huanchaco,Trujillo,La Libertad,,Peru,(+51) 44-602-130
Tucson Arizona Temple,32.338454,-110.949174,7281 N Skyline Dr,Tucson,Arizona,85718,United States,(+1) 520-395-3900
Tuxtla Gutiérrez Mexico Temple,16.764164,-93.159155,Carretera a Chicoasen Chiapas Kilómetro 14 Esquina Paseo de la Roseta Fraccionamiento San José Chapultepec,Tuxtla Gutiérrez,Chiapas,29047,Mexico,(+52) 961-615-8287
Twin Falls Idaho Temple,42.586827,-114.441509,1405 Eastland Drive North,Twin Falls,Idaho,83301,United States,(+1) 208-736-7070
Urdaneta Philippines Temple,15.938567,120.581762,MacArthur Highway,Urdaneta,,,Philippines,
Vancouver British Columbia Temple,49.151212,-122.658009,20370 82nd Avenue,Langley,British Columbia,V2Y 2A9,Canada,(+1) 604-513-5933
Veracruz Mexico Temple,19.13441,-96.10626,Avenida Ejército Mexicano Esquina Michoacán Colonia Luís Echeverría,Boca del Río,Veracruz,94290,Mexico,(+52) 229-922-9621
Vernal Utah Temple,40.453205,-109.537413,170 South 400 West,Vernal,Utah,84078-2536,United States,(+1) 435-789-3220
Villahermosa Mexico Temple,17.981276,-92.937375,Avenida 27 de Febrero no. 1717 Colonia Atasta de Serra,Villahermosa,Tabasco,86100,Mexico,(+52) 993-352-2028
Washington D.C. Temple,39.014079,-77.065624,9900 Stoneybrook Drive,Kensington,Maryland,20895-3199,United States,(+1) 301-588-0650
Willamette Valley Oregon Temple,44.08885894,-123.03278,International Boulevard and Corporate Way,Springfield,Oregon,,United States,
Winnipeg Manitoba Temple,49.800544,-97.195212,15 Centre Street,Winnipeg,Manitoba,R3Y 2C3,Canada,(+1) 204-261-2200
Winter Quarters Nebraska Temple,41.334075,-95.96619,8283 North 34th Street,Omaha,Nebraska,68112-2114,United States,(+1) 402-453-3406
Yigo Guam Temple,13.541741,144.890143,321 Chalan Pale Ramon Lagu Rte 1,Yigo,,96929,Guam,(+1) 671-969-0055
Yorba Linda California Temple,33.8983749,-117.834721,Bastanchury Road and Osmond Street,Yorba Linda,California,,United States,
